-- DO NOT CHANGE OR DELETE THESE VALUES - INTEGRATION TESTS USE THESE (IF YOU CHANGE, THEN MAKE SURE THAT INT. TEST CAN INITIALIZE THEM ELSEWHERE - testcontainers must run these sentences)
-- user and admin password: password; testuser password: testpass
INSERT INTO public."user" (id, first_name, last_name, username, email, password) VALUES (1, 'john', 'doe', 'user', 'john.doe@mail.com', '$2a$10$slYQmyNdGzTn7ZLBXBChFOC9f6kFjAqPhccnP6DxlWXx2lPk1C3G6');
INSERT INTO public."user" (id, first_name, last_name, username, email, password) VALUES (51, 'jack', 'dope', 'admin', 'jack.dope@mail.com', '$2a$10$slYQmyNdGzTn7ZLBXBChFOC9f6kFjAqPhccnP6DxlWXx2lPk1C3G6');
INSERT INTO public."user" (id, first_name, last_name, username, email, password) VALUES (52, 'John', 'Doe', 'testuser', 'test@mail.com', '$2a$10$UJPRwLjCFQjKqDjFc06jG.RKQLF8Dc3p4b2am9Bw8Bf8vUc5qilv6');

INSERT INTO public.sq_info (id, base_url, component_name, token) VALUES (1, 'http://localhost:9000', 'ESI-builtit', '9257cc3a6b0610da1357f73e03524b090658553d');
INSERT INTO public.sq_info (id, base_url, component_name, token) VALUES (51, 'http://localhost:9000', 'ESI-builtit', '9257cc3a6b0610da1357f73e03524b090658553d');
INSERT INTO public.sq_info (id, base_url, component_name, token) VALUES (101, 'http://localhost:9000', 'ESI-builtit', '9257cc3a6b0610da1357f73e03524b090658553d');
INSERT INTO public.sq_info (id, base_url, component_name, token) VALUES (102, 'http://localhost:9000', 'ESI-builtit', '9257cc3a6b0610da1357f73e03524b090658553d');
INSERT INTO public.sq_info (id, base_url, component_name, token) VALUES (103, 'http://localhost:9000', 'ESI-builtit', '9257cc3a6b0610da1357f73e03524b090658553d');

INSERT INTO public.jira_info (id, base_url, board_id, user_email, token) VALUES (1, 'https://kert944.atlassian.net', 1, 'prinkkert@gmail.com', 'dlNrqUp5na04fQyacxcx58EF');
INSERT INTO public.jira_info (id, base_url, board_id, user_email, token) VALUES (51, 'https://kert944.atlassian.net', 1, 'prinkkert@gmail.com', 'dlNrqUp5na04fQyacxcx58EF');
INSERT INTO public.jira_info (id, base_url, board_id, user_email, token) VALUES (52, 'https://kert944.atlassian.net', 1, 'prinkkert@gmail.com', 'dlNrqUp5na04fQyacxcx58EF');
INSERT INTO public.jira_info (id, base_url, board_id, user_email, token) VALUES (53, 'https://kert944.atlassian.net', 1, 'prinkkert@gmail.com', 'dlNrqUp5na04fQyacxcx58EF');

INSERT INTO public.product (id, name, token, sq_info_id, jira_info_id) VALUES (101, 'Demo Product 3', '6257cc3a6b0610da1357f73e03524b090658553c', 101, null);
INSERT INTO public.product (id, name, token, sq_info_id, jira_info_id) VALUES (1, 'Demo Product', '8257cc3a6b0610da1357f73e03524b090658553a', 1, 1);
INSERT INTO public.product (id, name, token, sq_info_id, jira_info_id) VALUES (51, 'Demo Product 2', '7257cc3a6b0610da1357f73e03524b090658553b', 51, 51);
INSERT INTO public.product (id, name, token, sq_info_id, jira_info_id) VALUES (102, 'First-API', '6q1tjruv2tgar0151dbf9le5ljzs96qaoxdigcct', 102, 52);
INSERT INTO public.product (id, name, token, sq_info_id, jira_info_id) VALUES (103, 'Second-API', '6ocr7jxglstk6p5hv4ab20e8tdk88ymtdsjs41lr', 103, 53);

INSERT INTO public.user_product_claim (id, user_id, product_id, claim_level) VALUES (1, 1, 1, 'admin');
INSERT INTO public.user_product_claim (id, user_id, product_id, claim_level) VALUES (51, 1, 51, 'admin');
INSERT INTO public.user_product_claim (id, user_id, product_id, claim_level) VALUES (101, 51, 101, 'admin');
INSERT INTO public.user_product_claim (id, user_id, product_id, claim_level) VALUES (102, 52, 102, 'admin');
INSERT INTO public.user_product_claim (id, user_id, product_id, claim_level) VALUES (103, 52, 103, 'admin');


-- Release info
INSERT INTO public.release_info_sq (id, sec_rating, rel_rating, maint_rating, sec_vulns, rel_bugs, maint_debt, maint_smells) VALUES (1, 1, 3, 2, 0, 5, 326, 65);
INSERT INTO public.release_info_sq (id, sec_rating, rel_rating, maint_rating, sec_vulns, rel_bugs, maint_debt, maint_smells) VALUES (51, 2, 1, 2, 0, 5, 326, 65);
INSERT INTO public.release_info_sq (id, sec_rating, rel_rating, maint_rating, sec_vulns, rel_bugs, maint_debt, maint_smells) VALUES (101, 3, 1, 2, 0, 5, 326, 65);
INSERT INTO public.release_info_sq (id, sec_rating, rel_rating, maint_rating, sec_vulns, rel_bugs, maint_debt, maint_smells) VALUES (151, 1, 1, 2, 0, 5, 326, 65);
INSERT INTO public.release_info_sq (id, sec_rating, rel_rating, maint_rating, sec_vulns, rel_bugs, maint_debt, maint_smells) VALUES (201, 1, 2, 1, 0, 5, 326, 65);
INSERT INTO public.release_info_sq (id, sec_rating, rel_rating, maint_rating, sec_vulns, rel_bugs, maint_debt, maint_smells) VALUES (251, 1, 3, 1, 0, 5, 326, 65);
INSERT INTO public.release_info_sq (id, sec_rating, rel_rating, maint_rating, sec_vulns, rel_bugs, maint_debt, maint_smells) VALUES (301, 1, 3, 2, 0, 5, 326, 65);
INSERT INTO public.release_info_sq (id, sec_rating, rel_rating, maint_rating, sec_vulns, rel_bugs, maint_debt, maint_smells) VALUES (351, 1, 3, 3, 0, 5, 326, 65);
INSERT INTO public.release_info_sq (id, sec_rating, rel_rating, maint_rating, sec_vulns, rel_bugs, maint_debt, maint_smells) VALUES (401, 1, 5, 2, 0, 5, 326, 65);
INSERT INTO public.release_info_sq (id, sec_rating, rel_rating, maint_rating, sec_vulns, rel_bugs, maint_debt, maint_smells) VALUES (451, 1, 5, 2, 0, 5, 326, 65);
INSERT INTO public.release_info_sq (id, sec_rating, rel_rating, maint_rating, sec_vulns, rel_bugs, maint_debt, maint_smells) VALUES (452, 1, 3, 1, 0, 3, 326, 65);
INSERT INTO public.release_info_sq (id, sec_rating, rel_rating, maint_rating, sec_vulns, rel_bugs, maint_debt, maint_smells) VALUES (453, 1, 1, 1, 0, 0, 326, 65);
INSERT INTO public.release_info_sq (id, sec_rating, rel_rating, maint_rating, sec_vulns, rel_bugs, maint_debt, maint_smells) VALUES (454, 1, 5, 1, 0, 10, 401, 72);
INSERT INTO public.release_info_sq (id, sec_rating, rel_rating, maint_rating, sec_vulns, rel_bugs, maint_debt, maint_smells) VALUES (455, 1, 1, 1, 0, 0, 326, 65);
INSERT INTO public.release_info_sq (id, sec_rating, rel_rating, maint_rating, sec_vulns, rel_bugs, maint_debt, maint_smells) VALUES (456, 1, 4, 1, 0, 13, 563, 86);
INSERT INTO public.release_info_sq (id, sec_rating, rel_rating, maint_rating, sec_vulns, rel_bugs, maint_debt, maint_smells) VALUES (457, 4, 4, 1, 1, 23, 1177, 125);
INSERT INTO public.release_info_sq (id, sec_rating, rel_rating, maint_rating, sec_vulns, rel_bugs, maint_debt, maint_smells) VALUES (458, 5, 5, 1, 2, 20, 1197, 127);
INSERT INTO public.release_info_sq (id, sec_rating, rel_rating, maint_rating, sec_vulns, rel_bugs, maint_debt, maint_smells) VALUES (459, 4, 2, 1, 1, 5, 317, 62);
INSERT INTO public.release_info_sq (id, sec_rating, rel_rating, maint_rating, sec_vulns, rel_bugs, maint_debt, maint_smells) VALUES (460, 5, 4, 1, 2, 5, 315, 61);
INSERT INTO public.release_info_sq (id, sec_rating, rel_rating, maint_rating, sec_vulns, rel_bugs, maint_debt, maint_smells) VALUES (461, 5, 4, 1, 2, 6, 313, 60);
INSERT INTO public.release_info_sq (id, sec_rating, rel_rating, maint_rating, sec_vulns, rel_bugs, maint_debt, maint_smells) VALUES (462, 5, 5, 1, 2, 6, 313, 60);
INSERT INTO public.release_info_sq (id, sec_rating, rel_rating, maint_rating, sec_vulns, rel_bugs, maint_debt, maint_smells) VALUES (463, 4, 4, 1, 2, 6, 313, 60);
INSERT INTO public.release_info_sq (id, sec_rating, rel_rating, maint_rating, sec_vulns, rel_bugs, maint_debt, maint_smells) VALUES (464, 4, 2, 1, 2, 6, 313, 60);
INSERT INTO public.release_info_sq (id, sec_rating, rel_rating, maint_rating, sec_vulns, rel_bugs, maint_debt, maint_smells) VALUES (465, 4, 1, 1, 2, 6, 313, 60);
INSERT INTO public.release_info_sq (id, sec_rating, rel_rating, maint_rating, sec_vulns, rel_bugs, maint_debt, maint_smells) VALUES (466, 2, 1, 1, 2, 6, 313, 60);

INSERT INTO public.release_info (id, product_id, created, quality_level, release_info_sq_id) VALUES (1, 1, '2020-12-12 13:46:31.067172', 0.75, 1);
INSERT INTO public.release_info (id, product_id, created, quality_level, release_info_sq_id) VALUES (51, 1, '2021-01-01 12:46:31.067172', 0.5, 51);
INSERT INTO public.release_info (id, product_id, created, quality_level, release_info_sq_id) VALUES (101, 1, '2021-01-16 17:46:31.067172', 0.35, 101);
INSERT INTO public.release_info (id, product_id, created, quality_level, release_info_sq_id) VALUES (151, 1, '2021-02-14 18:30:31.067172', 0.4, 151);
INSERT INTO public.release_info (id, product_id, created, quality_level, release_info_sq_id) VALUES (201, 1, '2021-02-16 17:46:20.067172', 0.8, 201);
INSERT INTO public.release_info (id, product_id, created, quality_level, release_info_sq_id) VALUES (251, 51, '2021-02-13 17:46:31.067172', 0.5, 251);
INSERT INTO public.release_info (id, product_id, created, quality_level, release_info_sq_id) VALUES (301, 51, '2021-02-14 17:46:31.067172', 0.75, 301);
INSERT INTO public.release_info (id, product_id, created, quality_level, release_info_sq_id) VALUES (351, 51, '2021-02-15 17:46:31.067172', 0.75, 351);
INSERT INTO public.release_info (id, product_id, created, quality_level, release_info_sq_id) VALUES (401, 101, '2021-02-12 17:46:31.067172', 0.9, 401);
INSERT INTO public.release_info (id, product_id, created, quality_level, release_info_sq_id) VALUES (451, 101, '2020-12-16 17:46:31.067172', 0.85, 451);
INSERT INTO public.release_info (id, product_id, created, quality_level, release_info_sq_id) VALUES (452, 102, '2020-12-26 15:23:44.089412', 0.8333, 452);
INSERT INTO public.release_info (id, product_id, created, quality_level, release_info_sq_id) VALUES (453, 102, '2020-12-27 15:33:04.883613', 1, 453);
INSERT INTO public.release_info (id, product_id, created, quality_level, release_info_sq_id) VALUES (454, 102, '2020-12-29 15:58:24.825039', 0.6666, 454);
INSERT INTO public.release_info (id, product_id, created, quality_level, release_info_sq_id) VALUES (455, 102, '2020-12-30 16:03:36.354723', 1, 455);
INSERT INTO public.release_info (id, product_id, created, quality_level, release_info_sq_id) VALUES (456, 102, '2021-01-02 16:12:56.673913', 0.75, 456);
INSERT INTO public.release_info (id, product_id, created, quality_level, release_info_sq_id) VALUES (457, 102, '2021-01-04 20:01:38.441388', 0.5, 457);
INSERT INTO public.release_info (id, product_id, created, quality_level, release_info_sq_id) VALUES (458, 102, '2021-01-08 20:06:40.205495', 0.3333, 458);
INSERT INTO public.release_info (id, product_id, created, quality_level, release_info_sq_id) VALUES (459, 103, '2021-02-01 20:20:01.091704', 0.6666, 459);
INSERT INTO public.release_info (id, product_id, created, quality_level, release_info_sq_id) VALUES (460, 103, '2021-02-03 20:21:53.721411', 0.4166, 460);
INSERT INTO public.release_info (id, product_id, created, quality_level, release_info_sq_id) VALUES (461, 103, '2020-02-04 20:22:22.081656', 0.4166, 461);
INSERT INTO public.release_info (id, product_id, created, quality_level, release_info_sq_id) VALUES (462, 103, '2020-02-15 20:24:02.350746', 0.3333, 462);
INSERT INTO public.release_info (id, product_id, created, quality_level, release_info_sq_id) VALUES (463, 103, '2020-02-16 20:27:07.181431', 0.5, 463);
INSERT INTO public.release_info (id, product_id, created, quality_level, release_info_sq_id) VALUES (464, 103, '2020-02-24 20:27:29.043074', 0.6666, 464);
INSERT INTO public.release_info (id, product_id, created, quality_level, release_info_sq_id) VALUES (465, 103, '2021-02-25 20:27:55.684927', 0.75, 465);
INSERT INTO public.release_info (id, product_id, created, quality_level, release_info_sq_id) VALUES (466, 103, '2021-02-26 20:28:25.234342', 0.9166, 466);

INSERT INTO public.release_info_jira_sprint (id, release_info_id, sprint_id, board_id, name, start_time, end_time, goal, browser_url) VALUES (1, 1, 1, 1, 'PT Sprint 1', '2021-01-18 18:31:09.872000', '2021-01-25 18:31:07.000000', 'Add functionality A to the product', 'https://kert944.atlassian.net/issues/?jql=Sprint%20%3D%201');
INSERT INTO public.release_info_jira_sprint (id, release_info_id, sprint_id, board_id, name, start_time, end_time, goal, browser_url) VALUES (51, 51, 1, 1, 'PT Sprint 1', '2021-01-18 18:31:09.872000', '2021-01-25 18:31:07.000000', 'Add functionality A to the product', 'https://kert944.atlassian.net/issues/?jql=Sprint%20%3D%201');
INSERT INTO public.release_info_jira_sprint (id, release_info_id, sprint_id, board_id, name, start_time, end_time, goal, browser_url) VALUES (101, 101, 1, 1, 'PT Sprint 1', '2021-01-18 18:31:09.872000', '2021-01-25 18:31:07.000000', 'Add functionality A to the product', 'https://kert944.atlassian.net/issues/?jql=Sprint%20%3D%201');
INSERT INTO public.release_info_jira_sprint (id, release_info_id, sprint_id, board_id, name, start_time, end_time, goal, browser_url) VALUES (151, 151, 1, 1, 'PT Sprint 1', '2021-01-18 18:31:09.872000', '2021-01-25 18:31:07.000000', 'Add functionality A to the product', 'https://kert944.atlassian.net/issues/?jql=Sprint%20%3D%201');
INSERT INTO public.release_info_jira_sprint (id, release_info_id, sprint_id, board_id, name, start_time, end_time, goal, browser_url) VALUES (201, 201, 1, 1, 'PT Sprint 1', '2021-01-18 18:31:09.872000', '2021-01-25 18:31:07.000000', 'Add functionality A to the product', 'https://kert944.atlassian.net/issues/?jql=Sprint%20%3D%201');
INSERT INTO public.release_info_jira_sprint (id, release_info_id, sprint_id, board_id, name, start_time, end_time, goal, browser_url) VALUES (251, 251, 2, 1, 'PT Sprint 2', '2021-01-18 18:31:09.872000', '2021-01-25 18:31:07.000000', 'Add functionality B to the product', 'https://kert944.atlassian.net/issues/?jql=Sprint%20%3D%202');
INSERT INTO public.release_info_jira_sprint (id, release_info_id, sprint_id, board_id, name, start_time, end_time, goal, browser_url) VALUES (301, 301, 2, 1, 'PT Sprint 2', '2021-01-18 18:31:09.872000', '2021-01-25 18:31:07.000000', 'Add functionality B to the product', 'https://kert944.atlassian.net/issues/?jql=Sprint%20%3D%202');
INSERT INTO public.release_info_jira_sprint (id, release_info_id, sprint_id, board_id, name, start_time, end_time, goal, browser_url) VALUES (351, 351, 2, 1, 'PT Sprint 2', '2021-01-18 18:31:09.872000', '2021-01-25 18:31:07.000000', 'Add functionality B to the product', 'https://kert944.atlassian.net/issues/?jql=Sprint%20%3D%202');
INSERT INTO public.release_info_jira_sprint (id, release_info_id, sprint_id, board_id, name, start_time, end_time, goal, browser_url) VALUES (401, 401, 3, 1, 'PT Sprint 3', '2021-01-18 18:31:09.872000', '2021-01-25 18:31:07.000000', 'Add functionality C to the product', 'https://kert944.atlassian.net/issues/?jql=Sprint%20%3D%203');
INSERT INTO public.release_info_jira_sprint (id, release_info_id, sprint_id, board_id, name, start_time, end_time, goal, browser_url) VALUES (451, 451, 3, 1, 'PT Sprint 3', '2021-01-18 18:31:09.872000', '2021-01-25 18:31:07.000000', 'Add functionality C to the product', 'https://kert944.atlassian.net/issues/?jql=Sprint%20%3D%203');
INSERT INTO public.release_info_jira_sprint (id, release_info_id, sprint_id, board_id, name, start_time, end_time, goal, browser_url) VALUES (501, 251, 4, 1, 'PT Sprint 4', '2021-01-18 18:31:09.872000', '2021-01-25 18:31:07.000000', 'Support and stuff', 'https://kert944.atlassian.net/issues/?jql=Sprint%20%3D%204');
INSERT INTO public.release_info_jira_sprint (id, release_info_id, sprint_id, board_id, name, start_time, end_time, goal, browser_url) VALUES (551, 301, 4, 1, 'PT Sprint 4', '2021-01-18 18:31:09.872000', '2021-01-25 18:31:07.000000', 'Support and stuff', 'https://kert944.atlassian.net/issues/?jql=Sprint%20%3D%204');
INSERT INTO public.release_info_jira_sprint (id, release_info_id, sprint_id, board_id, name, start_time, end_time, goal, browser_url) VALUES (601, 351, 4, 1, 'PT Sprint 4', '2021-01-18 18:31:09.872000', '2021-01-25 18:31:07.000000', 'Support and stuff', 'https://kert944.atlassian.net/issues/?jql=Sprint%20%3D%204');
INSERT INTO public.release_info_jira_sprint (id, release_info_id, sprint_id, board_id, name, start_time, end_time, goal, browser_url) VALUES (651, 401, 4, 1, 'PT Sprint 4', '2021-01-18 18:31:09.872000', '2021-01-25 18:31:07.000000', 'Support and stuff', 'https://kert944.atlassian.net/issues/?jql=Sprint%20%3D%204');
INSERT INTO public.release_info_jira_sprint (id, release_info_id, sprint_id, board_id, name, start_time, end_time, goal, browser_url) VALUES (701, 451, 4, 1, 'PT Sprint 4', '2021-01-18 18:31:09.872000', '2021-01-25 18:31:07.000000', 'Support and stuff', 'https://kert944.atlassian.net/issues/?jql=Sprint%20%3D%204');
INSERT INTO public.release_info_jira_sprint (id, release_info_id, sprint_id, board_id, name, start_time, end_time, goal, browser_url) VALUES (702, 452, 3, 1, 'PT Sprint 3', '2021-01-18 18:31:09.872000', '2021-01-25 18:31:07.000000', '', 'https://kert944.atlassian.net/issues/?jql=Sprint%3D3');
INSERT INTO public.release_info_jira_sprint (id, release_info_id, sprint_id, board_id, name, start_time, end_time, goal, browser_url) VALUES (703, 453, 4, 1, 'PT Sprint 4', '2021-02-26 13:32:46.041000', '2021-03-05 13:32:42.000000', '', 'https://kert944.atlassian.net/issues/?jql=Sprint%3D4');
INSERT INTO public.release_info_jira_sprint (id, release_info_id, sprint_id, board_id, name, start_time, end_time, goal, browser_url) VALUES (704, 454, 5, 1, 'PT Sprint 5', '2021-02-26 13:35:56.250000', '2021-03-05 13:35:54.000000', '', 'https://kert944.atlassian.net/issues/?jql=Sprint%3D5');
INSERT INTO public.release_info_jira_sprint (id, release_info_id, sprint_id, board_id, name, start_time, end_time, goal, browser_url) VALUES (705, 455, 6, 1, 'PT Sprint 6', '2021-02-26 14:00:26.073000', '2021-03-05 14:00:24.000000', '', 'https://kert944.atlassian.net/issues/?jql=Sprint%3D6');
INSERT INTO public.release_info_jira_sprint (id, release_info_id, sprint_id, board_id, name, start_time, end_time, goal, browser_url) VALUES (706, 456, 7, 1, 'PT Sprint 7', '2021-02-26 14:05:36.680000', '2021-03-05 14:05:27.000000', '', 'https://kert944.atlassian.net/issues/?jql=Sprint%3D7');
INSERT INTO public.release_info_jira_sprint (id, release_info_id, sprint_id, board_id, name, start_time, end_time, goal, browser_url) VALUES (707, 457, 7, 1, 'PT Sprint 7', '2021-02-26 14:05:36.680000', '2021-03-05 14:05:27.000000', '', 'https://kert944.atlassian.net/issues/?jql=Sprint%3D7');
INSERT INTO public.release_info_jira_sprint (id, release_info_id, sprint_id, board_id, name, start_time, end_time, goal, browser_url) VALUES (708, 458, 8, 1, 'PT Sprint 8', '2021-02-26 18:06:15.491000', '2021-03-05 18:06:13.000000', '', 'https://kert944.atlassian.net/issues/?jql=Sprint%3D8');
INSERT INTO public.release_info_jira_sprint (id, release_info_id, sprint_id, board_id, name, start_time, end_time, goal, browser_url) VALUES (709, 459, 10, 1, 'PT Sprint 10', '2021-02-26 18:19:07.568000', '2021-03-05 18:19:05.000000', '', 'https://kert944.atlassian.net/issues/?jql=Sprint%3D10');
INSERT INTO public.release_info_jira_sprint (id, release_info_id, sprint_id, board_id, name, start_time, end_time, goal, browser_url) VALUES (710, 460, 10, 1, 'PT Sprint 10', '2021-02-26 18:19:07.568000', '2021-03-05 18:19:05.000000', '', 'https://kert944.atlassian.net/issues/?jql=Sprint%3D10');
INSERT INTO public.release_info_jira_sprint (id, release_info_id, sprint_id, board_id, name, start_time, end_time, goal, browser_url) VALUES (711, 461, 10, 1, 'PT Sprint 10', '2021-02-26 18:19:07.568000', '2021-03-05 18:19:05.000000', '', 'https://kert944.atlassian.net/issues/?jql=Sprint%3D10');
INSERT INTO public.release_info_jira_sprint (id, release_info_id, sprint_id, board_id, name, start_time, end_time, goal, browser_url) VALUES (712, 462, 11, 1, 'PT Sprint 11', '2021-02-26 18:23:53.218000', '2021-03-05 18:23:51.000000', '', 'https://kert944.atlassian.net/issues/?jql=Sprint%3D11');
INSERT INTO public.release_info_jira_sprint (id, release_info_id, sprint_id, board_id, name, start_time, end_time, goal, browser_url) VALUES (713, 463, 12, 1, 'PT Sprint 12', '2021-02-26 18:26:35.839000', '2021-03-05 18:26:34.000000', '', 'https://kert944.atlassian.net/issues/?jql=Sprint%3D12');
INSERT INTO public.release_info_jira_sprint (id, release_info_id, sprint_id, board_id, name, start_time, end_time, goal, browser_url) VALUES (714, 464, 12, 1, 'PT Sprint 12', '2021-02-26 18:26:35.839000', '2021-03-05 18:26:34.000000', '', 'https://kert944.atlassian.net/issues/?jql=Sprint%3D12');
INSERT INTO public.release_info_jira_sprint (id, release_info_id, sprint_id, board_id, name, start_time, end_time, goal, browser_url) VALUES (715, 465, 12, 1, 'PT Sprint 12', '2021-02-26 18:26:35.839000', '2021-03-05 18:26:34.000000', '', 'https://kert944.atlassian.net/issues/?jql=Sprint%3D12');
INSERT INTO public.release_info_jira_sprint (id, release_info_id, sprint_id, board_id, name, start_time, end_time, goal, browser_url) VALUES (716, 466, 12, 1, 'PT Sprint 12', '2021-02-26 18:26:35.839000', '2021-03-05 18:26:34.000000', '', 'https://kert944.atlassian.net/issues/?jql=Sprint%3D12');

INSERT INTO public.jira_issue (id, jira_sprint_id, issue_id, key, description, icon_url, name, browser_url) VALUES (1, 1, 10001, 'PT-2', 'Funktsionaalsus või väljendatud funktsioon kui kasutaja eesmärk.', 'https://kert944.atlassian.net/secure/viewavatar?size=medium&avatarId=10315&avatarType=issuetype', 'Lugu', 'https://kert944.atlassian.net/browse/PT-2');
INSERT INTO public.jira_issue (id, jira_sprint_id, issue_id, key, description, icon_url, name, browser_url) VALUES (51, 1, 10000, 'PT-1', 'Funktsionaalsus või väljendatud funktsioon kui kasutaja eesmärk.', 'https://kert944.atlassian.net/secure/viewavatar?size=medium&avatarId=10315&avatarType=issuetype', 'Lugu', 'https://kert944.atlassian.net/browse/PT-1');
INSERT INTO public.jira_issue (id, jira_sprint_id, issue_id, key, description, icon_url, name, browser_url) VALUES (101, 51, 10000, 'PT-2', 'Funktsionaalsus või väljendatud funktsioon kui kasutaja eesmärk.', 'https://kert944.atlassian.net/secure/viewavatar?size=medium&avatarId=10315&avatarType=issuetype', 'Lugu', 'https://kert944.atlassian.net/browse/PT-2');
INSERT INTO public.jira_issue (id, jira_sprint_id, issue_id, key, description, icon_url, name, browser_url) VALUES (151, 51, 10000, 'PT-1', 'Funktsionaalsus või väljendatud funktsioon kui kasutaja eesmärk.', 'https://kert944.atlassian.net/secure/viewavatar?size=medium&avatarId=10315&avatarType=issuetype', 'Lugu', 'https://kert944.atlassian.net/browse/PT-1');
INSERT INTO public.jira_issue (id, jira_sprint_id, issue_id, key, description, icon_url, name, browser_url) VALUES (201, 101, 10000, 'PT-2', 'Funktsionaalsus või väljendatud funktsioon kui kasutaja eesmärk.', 'https://kert944.atlassian.net/secure/viewavatar?size=medium&avatarId=10315&avatarType=issuetype', 'Lugu', 'https://kert944.atlassian.net/browse/PT-2');
INSERT INTO public.jira_issue (id, jira_sprint_id, issue_id, key, description, icon_url, name, browser_url) VALUES (251, 101, 10000, 'PT-1', 'Funktsionaalsus või väljendatud funktsioon kui kasutaja eesmärk.', 'https://kert944.atlassian.net/secure/viewavatar?size=medium&avatarId=10315&avatarType=issuetype', 'Lugu', 'https://kert944.atlassian.net/browse/PT-1');
INSERT INTO public.jira_issue (id, jira_sprint_id, issue_id, key, description, icon_url, name, browser_url) VALUES (301, 151, 10000, 'PT-1', 'Funktsionaalsus või väljendatud funktsioon kui kasutaja eesmärk.', 'https://kert944.atlassian.net/secure/viewavatar?size=medium&avatarId=10315&avatarType=issuetype', 'Lugu', 'https://kert944.atlassian.net/browse/PT-1');
INSERT INTO public.jira_issue (id, jira_sprint_id, issue_id, key, description, icon_url, name, browser_url) VALUES (351, 251, 10001, 'PT-2', 'Funktsionaalsus või väljendatud funktsioon kui kasutaja eesmärk.', 'https://kert944.atlassian.net/secure/viewavatar?size=medium&avatarId=10315&avatarType=issuetype', 'Lugu', 'https://kert944.atlassian.net/browse/PT-2');
INSERT INTO public.jira_issue (id, jira_sprint_id, issue_id, key, description, icon_url, name, browser_url) VALUES (401, 251, 10000, 'PT-1', 'Funktsionaalsus või väljendatud funktsioon kui kasutaja eesmärk.', 'https://kert944.atlassian.net/secure/viewavatar?size=medium&avatarId=10315&avatarType=issuetype', 'Lugu', 'https://kert944.atlassian.net/browse/PT-1');
INSERT INTO public.jira_issue (id, jira_sprint_id, issue_id, key, description, icon_url, name, browser_url) VALUES (451, 301, 10000, 'PT-3', 'Funktsionaalsus või väljendatud funktsioon kui kasutaja eesmärk.', 'https://kert944.atlassian.net/secure/viewavatar?size=medium&avatarId=10315&avatarType=issuetype', 'Lugu', 'https://kert944.atlassian.net/browse/PT-3');
INSERT INTO public.jira_issue (id, jira_sprint_id, issue_id, key, description, icon_url, name, browser_url) VALUES (501, 301, 10000, 'PT-4', 'Funktsionaalsus või väljendatud funktsioon kui kasutaja eesmärk.', 'https://kert944.atlassian.net/secure/viewavatar?size=medium&avatarId=10315&avatarType=issuetype', 'Lugu', 'https://kert944.atlassian.net/browse/PT-4');
INSERT INTO public.jira_issue (id, jira_sprint_id, issue_id, key, description, icon_url, name, browser_url) VALUES (551, 351, 10000, 'PT-3', 'Funktsionaalsus või väljendatud funktsioon kui kasutaja eesmärk.', 'https://kert944.atlassian.net/secure/viewavatar?size=medium&avatarId=10315&avatarType=issuetype', 'Lugu', 'https://kert944.atlassian.net/browse/PT-3');
INSERT INTO public.jira_issue (id, jira_sprint_id, issue_id, key, description, icon_url, name, browser_url) VALUES (601, 351, 10000, 'PT-4', 'Funktsionaalsus või väljendatud funktsioon kui kasutaja eesmärk.', 'https://kert944.atlassian.net/secure/viewavatar?size=medium&avatarId=10315&avatarType=issuetype', 'Lugu', 'https://kert944.atlassian.net/browse/PT-4');
INSERT INTO public.jira_issue (id, jira_sprint_id, issue_id, key, description, icon_url, name, browser_url) VALUES (651, 401, 10000, 'PT-3', 'Funktsionaalsus või väljendatud funktsioon kui kasutaja eesmärk.', 'https://kert944.atlassian.net/secure/viewavatar?size=medium&avatarId=10315&avatarType=issuetype', 'Lugu', 'https://kert944.atlassian.net/browse/PT-3');
INSERT INTO public.jira_issue (id, jira_sprint_id, issue_id, key, description, icon_url, name, browser_url) VALUES (701, 401, 10000, 'PT-4', 'Funktsionaalsus või väljendatud funktsioon kui kasutaja eesmärk.', 'https://kert944.atlassian.net/secure/viewavatar?size=medium&avatarId=10315&avatarType=issuetype', 'Lugu', 'https://kert944.atlassian.net/browse/PT-4');
INSERT INTO public.jira_issue (id, jira_sprint_id, issue_id, key, description, icon_url, name, browser_url) VALUES (751, 451, 10000, 'PT-3', 'Funktsionaalsus või väljendatud funktsioon kui kasutaja eesmärk.', 'https://kert944.atlassian.net/secure/viewavatar?size=medium&avatarId=10315&avatarType=issuetype', 'Lugu', 'https://kert944.atlassian.net/browse/PT-3');
INSERT INTO public.jira_issue (id, jira_sprint_id, issue_id, key, description, icon_url, name, browser_url) VALUES (801, 451, 10000, 'PT-4', 'Funktsionaalsus või väljendatud funktsioon kui kasutaja eesmärk.', 'https://kert944.atlassian.net/secure/viewavatar?size=medium&avatarId=10315&avatarType=issuetype', 'Lugu', 'https://kert944.atlassian.net/browse/PT-4');
INSERT INTO public.jira_issue (id, jira_sprint_id, issue_id, key, description, icon_url, name, browser_url) VALUES (851, 501, 10000, 'PT-3', 'Funktsionaalsus või väljendatud funktsioon kui kasutaja eesmärk.', 'https://kert944.atlassian.net/secure/viewavatar?size=medium&avatarId=10303&avatarType=issuetype', 'Viga', 'https://kert944.atlassian.net/browse/PT-3');
INSERT INTO public.jira_issue (id, jira_sprint_id, issue_id, key, description, icon_url, name, browser_url) VALUES (901, 501, 10000, 'PT-4', 'Funktsionaalsus või väljendatud funktsioon kui kasutaja eesmärk.', 'https://kert944.atlassian.net/secure/viewavatar?size=medium&avatarId=10318&avatarType=issuetype', 'Ülesanne', 'https://kert944.atlassian.net/browse/PT-4');
INSERT INTO public.jira_issue (id, jira_sprint_id, issue_id, key, description, icon_url, name, browser_url) VALUES (951, 551, 10000, 'PT-3', 'Funktsionaalsus või väljendatud funktsioon kui kasutaja eesmärk.', 'https://kert944.atlassian.net/secure/viewavatar?size=medium&avatarId=10303&avatarType=issuetype', 'Viga', 'https://kert944.atlassian.net/browse/PT-3');
INSERT INTO public.jira_issue (id, jira_sprint_id, issue_id, key, description, icon_url, name, browser_url) VALUES (1001, 551, 10000, 'PT-4', 'Funktsionaalsus või väljendatud funktsioon kui kasutaja eesmärk.', 'https://kert944.atlassian.net/secure/viewavatar?size=medium&avatarId=10318&avatarType=issuetype', 'Ülesanne', 'https://kert944.atlassian.net/browse/PT-4');
INSERT INTO public.jira_issue (id, jira_sprint_id, issue_id, key, description, icon_url, name, browser_url) VALUES (1051, 601, 10000, 'PT-3', 'Funktsionaalsus või väljendatud funktsioon kui kasutaja eesmärk.', 'https://kert944.atlassian.net/secure/viewavatar?size=medium&avatarId=10303&avatarType=issuetype', 'Viga', 'https://kert944.atlassian.net/browse/PT-3');
INSERT INTO public.jira_issue (id, jira_sprint_id, issue_id, key, description, icon_url, name, browser_url) VALUES (1101, 601, 10000, 'PT-4', 'Funktsionaalsus või väljendatud funktsioon kui kasutaja eesmärk.', 'https://kert944.atlassian.net/secure/viewavatar?size=medium&avatarId=10318&avatarType=issuetype', 'Ülesanne', 'https://kert944.atlassian.net/browse/PT-4');
INSERT INTO public.jira_issue (id, jira_sprint_id, issue_id, key, description, icon_url, name, browser_url) VALUES (1102, 702, 10001, 'PT-2', 'Funktsionaalsus või väljendatud funktsioon kui kasutaja eesmärk.', 'https://kert944.atlassian.net/secure/viewavatar?size=medium&avatarId=10315&avatarType=issuetype', 'Lugu', 'https://kert944.atlassian.net/browse/PT-2');
INSERT INTO public.jira_issue (id, jira_sprint_id, issue_id, key, description, icon_url, name, browser_url) VALUES (1103, 702, 10002, 'PT-3', 'Probleem või viga.', 'https://kert944.atlassian.net/secure/viewavatar?size=medium&avatarId=10303&avatarType=issuetype', 'Viga', 'https://kert944.atlassian.net/browse/PT-3');
INSERT INTO public.jira_issue (id, jira_sprint_id, issue_id, key, description, icon_url, name, browser_url) VALUES (1104, 702, 10000, 'PT-1', 'Funktsionaalsus või väljendatud funktsioon kui kasutaja eesmärk.', 'https://kert944.atlassian.net/secure/viewavatar?size=medium&avatarId=10315&avatarType=issuetype', 'Lugu', 'https://kert944.atlassian.net/browse/PT-1');
INSERT INTO public.jira_issue (id, jira_sprint_id, issue_id, key, description, icon_url, name, browser_url) VALUES (1105, 702, 10003, 'PT-4', 'Väike konkreetne töö.', 'https://kert944.atlassian.net/secure/viewavatar?size=medium&avatarId=10318&avatarType=issuetype', 'Ülesanne', 'https://kert944.atlassian.net/browse/PT-4');
INSERT INTO public.jira_issue (id, jira_sprint_id, issue_id, key, description, icon_url, name, browser_url) VALUES (1106, 703, 10004, 'PT-5', 'Funktsionaalsus või väljendatud funktsioon kui kasutaja eesmärk.', 'https://kert944.atlassian.net/secure/viewavatar?size=medium&avatarId=10315&avatarType=issuetype', 'Lugu', 'https://kert944.atlassian.net/browse/PT-5');
INSERT INTO public.jira_issue (id, jira_sprint_id, issue_id, key, description, icon_url, name, browser_url) VALUES (1107, 703, 10006, 'PT-7', 'Probleem või viga.', 'https://kert944.atlassian.net/secure/viewavatar?size=medium&avatarId=10303&avatarType=issuetype', 'Viga', 'https://kert944.atlassian.net/browse/PT-7');
INSERT INTO public.jira_issue (id, jira_sprint_id, issue_id, key, description, icon_url, name, browser_url) VALUES (1108, 703, 10007, 'PT-8', 'Probleem või viga.', 'https://kert944.atlassian.net/secure/viewavatar?size=medium&avatarId=10303&avatarType=issuetype', 'Viga', 'https://kert944.atlassian.net/browse/PT-8');
INSERT INTO public.jira_issue (id, jira_sprint_id, issue_id, key, description, icon_url, name, browser_url) VALUES (1109, 703, 10008, 'PT-9', 'Probleem või viga.', 'https://kert944.atlassian.net/secure/viewavatar?size=medium&avatarId=10303&avatarType=issuetype', 'Viga', 'https://kert944.atlassian.net/browse/PT-9');
INSERT INTO public.jira_issue (id, jira_sprint_id, issue_id, key, description, icon_url, name, browser_url) VALUES (1110, 704, 10005, 'PT-6', 'Funktsionaalsus või väljendatud funktsioon kui kasutaja eesmärk.', 'https://kert944.atlassian.net/secure/viewavatar?size=medium&avatarId=10315&avatarType=issuetype', 'Lugu', 'https://kert944.atlassian.net/browse/PT-6');
INSERT INTO public.jira_issue (id, jira_sprint_id, issue_id, key, description, icon_url, name, browser_url) VALUES (1111, 704, 10009, 'PT-10', 'Funktsionaalsus või väljendatud funktsioon kui kasutaja eesmärk.', 'https://kert944.atlassian.net/secure/viewavatar?size=medium&avatarId=10315&avatarType=issuetype', 'Lugu', 'https://kert944.atlassian.net/browse/PT-10');
INSERT INTO public.jira_issue (id, jira_sprint_id, issue_id, key, description, icon_url, name, browser_url) VALUES (1112, 704, 10010, 'PT-11', 'Funktsionaalsus või väljendatud funktsioon kui kasutaja eesmärk.', 'https://kert944.atlassian.net/secure/viewavatar?size=medium&avatarId=10315&avatarType=issuetype', 'Lugu', 'https://kert944.atlassian.net/browse/PT-11');
INSERT INTO public.jira_issue (id, jira_sprint_id, issue_id, key, description, icon_url, name, browser_url) VALUES (1113, 704, 10011, 'PT-12', 'Funktsionaalsus või väljendatud funktsioon kui kasutaja eesmärk.', 'https://kert944.atlassian.net/secure/viewavatar?size=medium&avatarId=10315&avatarType=issuetype', 'Lugu', 'https://kert944.atlassian.net/browse/PT-12');
INSERT INTO public.jira_issue (id, jira_sprint_id, issue_id, key, description, icon_url, name, browser_url) VALUES (1114, 704, 10012, 'PT-13', 'Väike konkreetne töö.', 'https://kert944.atlassian.net/secure/viewavatar?size=medium&avatarId=10318&avatarType=issuetype', 'Ülesanne', 'https://kert944.atlassian.net/browse/PT-13');
INSERT INTO public.jira_issue (id, jira_sprint_id, issue_id, key, description, icon_url, name, browser_url) VALUES (1115, 705, 10013, 'PT-14', 'Probleem või viga.', 'https://kert944.atlassian.net/secure/viewavatar?size=medium&avatarId=10303&avatarType=issuetype', 'Viga', 'https://kert944.atlassian.net/browse/PT-14');
INSERT INTO public.jira_issue (id, jira_sprint_id, issue_id, key, description, icon_url, name, browser_url) VALUES (1116, 705, 10014, 'PT-15', 'Probleem või viga.', 'https://kert944.atlassian.net/secure/viewavatar?size=medium&avatarId=10303&avatarType=issuetype', 'Viga', 'https://kert944.atlassian.net/browse/PT-15');
INSERT INTO public.jira_issue (id, jira_sprint_id, issue_id, key, description, icon_url, name, browser_url) VALUES (1117, 705, 10015, 'PT-16', 'Probleem või viga.', 'https://kert944.atlassian.net/secure/viewavatar?size=medium&avatarId=10303&avatarType=issuetype', 'Viga', 'https://kert944.atlassian.net/browse/PT-16');
INSERT INTO public.jira_issue (id, jira_sprint_id, issue_id, key, description, icon_url, name, browser_url) VALUES (1118, 706, 10016, 'PT-17', 'Funktsionaalsus või väljendatud funktsioon kui kasutaja eesmärk.', 'https://kert944.atlassian.net/secure/viewavatar?size=medium&avatarId=10315&avatarType=issuetype', 'Lugu', 'https://kert944.atlassian.net/browse/PT-17');
INSERT INTO public.jira_issue (id, jira_sprint_id, issue_id, key, description, icon_url, name, browser_url) VALUES (1119, 706, 10017, 'PT-18', 'Funktsionaalsus või väljendatud funktsioon kui kasutaja eesmärk.', 'https://kert944.atlassian.net/secure/viewavatar?size=medium&avatarId=10315&avatarType=issuetype', 'Lugu', 'https://kert944.atlassian.net/browse/PT-18');
INSERT INTO public.jira_issue (id, jira_sprint_id, issue_id, key, description, icon_url, name, browser_url) VALUES (1120, 706, 10018, 'PT-19', 'Väike konkreetne töö.', 'https://kert944.atlassian.net/secure/viewavatar?size=medium&avatarId=10318&avatarType=issuetype', 'Ülesanne', 'https://kert944.atlassian.net/browse/PT-19');
INSERT INTO public.jira_issue (id, jira_sprint_id, issue_id, key, description, icon_url, name, browser_url) VALUES (1121, 706, 10019, 'PT-20', 'Probleem või viga.', 'https://kert944.atlassian.net/secure/viewavatar?size=medium&avatarId=10303&avatarType=issuetype', 'Viga', 'https://kert944.atlassian.net/browse/PT-20');
INSERT INTO public.jira_issue (id, jira_sprint_id, issue_id, key, description, icon_url, name, browser_url) VALUES (1122, 706, 10020, 'PT-21', 'Funktsionaalsus või väljendatud funktsioon kui kasutaja eesmärk.', 'https://kert944.atlassian.net/secure/viewavatar?size=medium&avatarId=10315&avatarType=issuetype', 'Lugu', 'https://kert944.atlassian.net/browse/PT-21');
INSERT INTO public.jira_issue (id, jira_sprint_id, issue_id, key, description, icon_url, name, browser_url) VALUES (1123, 707, 10016, 'PT-17', 'Funktsionaalsus või väljendatud funktsioon kui kasutaja eesmärk.', 'https://kert944.atlassian.net/secure/viewavatar?size=medium&avatarId=10315&avatarType=issuetype', 'Lugu', 'https://kert944.atlassian.net/browse/PT-17');
INSERT INTO public.jira_issue (id, jira_sprint_id, issue_id, key, description, icon_url, name, browser_url) VALUES (1124, 707, 10017, 'PT-18', 'Funktsionaalsus või väljendatud funktsioon kui kasutaja eesmärk.', 'https://kert944.atlassian.net/secure/viewavatar?size=medium&avatarId=10315&avatarType=issuetype', 'Lugu', 'https://kert944.atlassian.net/browse/PT-18');
INSERT INTO public.jira_issue (id, jira_sprint_id, issue_id, key, description, icon_url, name, browser_url) VALUES (1125, 707, 10018, 'PT-19', 'Väike konkreetne töö.', 'https://kert944.atlassian.net/secure/viewavatar?size=medium&avatarId=10318&avatarType=issuetype', 'Ülesanne', 'https://kert944.atlassian.net/browse/PT-19');
INSERT INTO public.jira_issue (id, jira_sprint_id, issue_id, key, description, icon_url, name, browser_url) VALUES (1126, 707, 10019, 'PT-20', 'Probleem või viga.', 'https://kert944.atlassian.net/secure/viewavatar?size=medium&avatarId=10303&avatarType=issuetype', 'Viga', 'https://kert944.atlassian.net/browse/PT-20');
INSERT INTO public.jira_issue (id, jira_sprint_id, issue_id, key, description, icon_url, name, browser_url) VALUES (1127, 707, 10020, 'PT-21', 'Funktsionaalsus või väljendatud funktsioon kui kasutaja eesmärk.', 'https://kert944.atlassian.net/secure/viewavatar?size=medium&avatarId=10315&avatarType=issuetype', 'Lugu', 'https://kert944.atlassian.net/browse/PT-21');
INSERT INTO public.jira_issue (id, jira_sprint_id, issue_id, key, description, icon_url, name, browser_url) VALUES (1128, 708, 10021, 'PT-22', 'Funktsionaalsus või väljendatud funktsioon kui kasutaja eesmärk.', 'https://kert944.atlassian.net/secure/viewavatar?size=medium&avatarId=10315&avatarType=issuetype', 'Lugu', 'https://kert944.atlassian.net/browse/PT-22');
INSERT INTO public.jira_issue (id, jira_sprint_id, issue_id, key, description, icon_url, name, browser_url) VALUES (1129, 708, 10022, 'PT-23', 'Funktsionaalsus või väljendatud funktsioon kui kasutaja eesmärk.', 'https://kert944.atlassian.net/secure/viewavatar?size=medium&avatarId=10315&avatarType=issuetype', 'Lugu', 'https://kert944.atlassian.net/browse/PT-23');
INSERT INTO public.jira_issue (id, jira_sprint_id, issue_id, key, description, icon_url, name, browser_url) VALUES (1130, 708, 10023, 'PT-24', 'Funktsionaalsus või väljendatud funktsioon kui kasutaja eesmärk.', 'https://kert944.atlassian.net/secure/viewavatar?size=medium&avatarId=10315&avatarType=issuetype', 'Lugu', 'https://kert944.atlassian.net/browse/PT-24');
INSERT INTO public.jira_issue (id, jira_sprint_id, issue_id, key, description, icon_url, name, browser_url) VALUES (1131, 709, 10030, 'PT-31', 'Väike konkreetne töö.', 'https://kert944.atlassian.net/secure/viewavatar?size=medium&avatarId=10318&avatarType=issuetype', 'Ülesanne', 'https://kert944.atlassian.net/browse/PT-31');
INSERT INTO public.jira_issue (id, jira_sprint_id, issue_id, key, description, icon_url, name, browser_url) VALUES (1132, 709, 10028, 'PT-29', 'Funktsionaalsus või väljendatud funktsioon kui kasutaja eesmärk.', 'https://kert944.atlassian.net/secure/viewavatar?size=medium&avatarId=10315&avatarType=issuetype', 'Lugu', 'https://kert944.atlassian.net/browse/PT-29');
INSERT INTO public.jira_issue (id, jira_sprint_id, issue_id, key, description, icon_url, name, browser_url) VALUES (1133, 709, 10029, 'PT-30', 'Funktsionaalsus või väljendatud funktsioon kui kasutaja eesmärk.', 'https://kert944.atlassian.net/secure/viewavatar?size=medium&avatarId=10315&avatarType=issuetype', 'Lugu', 'https://kert944.atlassian.net/browse/PT-30');
INSERT INTO public.jira_issue (id, jira_sprint_id, issue_id, key, description, icon_url, name, browser_url) VALUES (1134, 710, 10030, 'PT-31', 'Väike konkreetne töö.', 'https://kert944.atlassian.net/secure/viewavatar?size=medium&avatarId=10318&avatarType=issuetype', 'Ülesanne', 'https://kert944.atlassian.net/browse/PT-31');
INSERT INTO public.jira_issue (id, jira_sprint_id, issue_id, key, description, icon_url, name, browser_url) VALUES (1135, 710, 10028, 'PT-29', 'Funktsionaalsus või väljendatud funktsioon kui kasutaja eesmärk.', 'https://kert944.atlassian.net/secure/viewavatar?size=medium&avatarId=10315&avatarType=issuetype', 'Lugu', 'https://kert944.atlassian.net/browse/PT-29');
INSERT INTO public.jira_issue (id, jira_sprint_id, issue_id, key, description, icon_url, name, browser_url) VALUES (1136, 710, 10029, 'PT-30', 'Funktsionaalsus või väljendatud funktsioon kui kasutaja eesmärk.', 'https://kert944.atlassian.net/secure/viewavatar?size=medium&avatarId=10315&avatarType=issuetype', 'Lugu', 'https://kert944.atlassian.net/browse/PT-30');
INSERT INTO public.jira_issue (id, jira_sprint_id, issue_id, key, description, icon_url, name, browser_url) VALUES (1137, 711, 10030, 'PT-31', 'Väike konkreetne töö.', 'https://kert944.atlassian.net/secure/viewavatar?size=medium&avatarId=10318&avatarType=issuetype', 'Ülesanne', 'https://kert944.atlassian.net/browse/PT-31');
INSERT INTO public.jira_issue (id, jira_sprint_id, issue_id, key, description, icon_url, name, browser_url) VALUES (1138, 711, 10028, 'PT-29', 'Funktsionaalsus või väljendatud funktsioon kui kasutaja eesmärk.', 'https://kert944.atlassian.net/secure/viewavatar?size=medium&avatarId=10315&avatarType=issuetype', 'Lugu', 'https://kert944.atlassian.net/browse/PT-29');
INSERT INTO public.jira_issue (id, jira_sprint_id, issue_id, key, description, icon_url, name, browser_url) VALUES (1139, 711, 10029, 'PT-30', 'Funktsionaalsus või väljendatud funktsioon kui kasutaja eesmärk.', 'https://kert944.atlassian.net/secure/viewavatar?size=medium&avatarId=10315&avatarType=issuetype', 'Lugu', 'https://kert944.atlassian.net/browse/PT-30');
INSERT INTO public.jira_issue (id, jira_sprint_id, issue_id, key, description, icon_url, name, browser_url) VALUES (1140, 712, 10031, 'PT-32', 'Funktsionaalsus või väljendatud funktsioon kui kasutaja eesmärk.', 'https://kert944.atlassian.net/secure/viewavatar?size=medium&avatarId=10315&avatarType=issuetype', 'Lugu', 'https://kert944.atlassian.net/browse/PT-32');
INSERT INTO public.jira_issue (id, jira_sprint_id, issue_id, key, description, icon_url, name, browser_url) VALUES (1141, 712, 10032, 'PT-33', 'Funktsionaalsus või väljendatud funktsioon kui kasutaja eesmärk.', 'https://kert944.atlassian.net/secure/viewavatar?size=medium&avatarId=10315&avatarType=issuetype', 'Lugu', 'https://kert944.atlassian.net/browse/PT-33');
INSERT INTO public.jira_issue (id, jira_sprint_id, issue_id, key, description, icon_url, name, browser_url) VALUES (1142, 712, 10033, 'PT-34', 'Funktsionaalsus või väljendatud funktsioon kui kasutaja eesmärk.', 'https://kert944.atlassian.net/secure/viewavatar?size=medium&avatarId=10315&avatarType=issuetype', 'Lugu', 'https://kert944.atlassian.net/browse/PT-34');
INSERT INTO public.jira_issue (id, jira_sprint_id, issue_id, key, description, icon_url, name, browser_url) VALUES (1143, 713, 10024, 'PT-25', 'Probleem või viga.', 'https://kert944.atlassian.net/secure/viewavatar?size=medium&avatarId=10303&avatarType=issuetype', 'Viga', 'https://kert944.atlassian.net/browse/PT-25');
INSERT INTO public.jira_issue (id, jira_sprint_id, issue_id, key, description, icon_url, name, browser_url) VALUES (1144, 713, 10025, 'PT-26', 'Probleem või viga.', 'https://kert944.atlassian.net/secure/viewavatar?size=medium&avatarId=10303&avatarType=issuetype', 'Viga', 'https://kert944.atlassian.net/browse/PT-26');
INSERT INTO public.jira_issue (id, jira_sprint_id, issue_id, key, description, icon_url, name, browser_url) VALUES (1145, 713, 10026, 'PT-27', 'Probleem või viga.', 'https://kert944.atlassian.net/secure/viewavatar?size=medium&avatarId=10303&avatarType=issuetype', 'Viga', 'https://kert944.atlassian.net/browse/PT-27');
INSERT INTO public.jira_issue (id, jira_sprint_id, issue_id, key, description, icon_url, name, browser_url) VALUES (1146, 713, 10027, 'PT-28', 'Probleem või viga.', 'https://kert944.atlassian.net/secure/viewavatar?size=medium&avatarId=10303&avatarType=issuetype', 'Viga', 'https://kert944.atlassian.net/browse/PT-28');
INSERT INTO public.jira_issue (id, jira_sprint_id, issue_id, key, description, icon_url, name, browser_url) VALUES (1147, 713, 10033, 'PT-34', 'Funktsionaalsus või väljendatud funktsioon kui kasutaja eesmärk.', 'https://kert944.atlassian.net/secure/viewavatar?size=medium&avatarId=10315&avatarType=issuetype', 'Lugu', 'https://kert944.atlassian.net/browse/PT-34');
INSERT INTO public.jira_issue (id, jira_sprint_id, issue_id, key, description, icon_url, name, browser_url) VALUES (1148, 714, 10024, 'PT-25', 'Probleem või viga.', 'https://kert944.atlassian.net/secure/viewavatar?size=medium&avatarId=10303&avatarType=issuetype', 'Viga', 'https://kert944.atlassian.net/browse/PT-25');
INSERT INTO public.jira_issue (id, jira_sprint_id, issue_id, key, description, icon_url, name, browser_url) VALUES (1149, 714, 10025, 'PT-26', 'Probleem või viga.', 'https://kert944.atlassian.net/secure/viewavatar?size=medium&avatarId=10303&avatarType=issuetype', 'Viga', 'https://kert944.atlassian.net/browse/PT-26');
INSERT INTO public.jira_issue (id, jira_sprint_id, issue_id, key, description, icon_url, name, browser_url) VALUES (1150, 714, 10026, 'PT-27', 'Probleem või viga.', 'https://kert944.atlassian.net/secure/viewavatar?size=medium&avatarId=10303&avatarType=issuetype', 'Viga', 'https://kert944.atlassian.net/browse/PT-27');
INSERT INTO public.jira_issue (id, jira_sprint_id, issue_id, key, description, icon_url, name, browser_url) VALUES (1151, 714, 10027, 'PT-28', 'Probleem või viga.', 'https://kert944.atlassian.net/secure/viewavatar?size=medium&avatarId=10303&avatarType=issuetype', 'Viga', 'https://kert944.atlassian.net/browse/PT-28');
INSERT INTO public.jira_issue (id, jira_sprint_id, issue_id, key, description, icon_url, name, browser_url) VALUES (1152, 714, 10033, 'PT-34', 'Funktsionaalsus või väljendatud funktsioon kui kasutaja eesmärk.', 'https://kert944.atlassian.net/secure/viewavatar?size=medium&avatarId=10315&avatarType=issuetype', 'Lugu', 'https://kert944.atlassian.net/browse/PT-34');
INSERT INTO public.jira_issue (id, jira_sprint_id, issue_id, key, description, icon_url, name, browser_url) VALUES (1153, 715, 10024, 'PT-25', 'Probleem või viga.', 'https://kert944.atlassian.net/secure/viewavatar?size=medium&avatarId=10303&avatarType=issuetype', 'Viga', 'https://kert944.atlassian.net/browse/PT-25');
INSERT INTO public.jira_issue (id, jira_sprint_id, issue_id, key, description, icon_url, name, browser_url) VALUES (1154, 715, 10025, 'PT-26', 'Probleem või viga.', 'https://kert944.atlassian.net/secure/viewavatar?size=medium&avatarId=10303&avatarType=issuetype', 'Viga', 'https://kert944.atlassian.net/browse/PT-26');
INSERT INTO public.jira_issue (id, jira_sprint_id, issue_id, key, description, icon_url, name, browser_url) VALUES (1155, 715, 10026, 'PT-27', 'Probleem või viga.', 'https://kert944.atlassian.net/secure/viewavatar?size=medium&avatarId=10303&avatarType=issuetype', 'Viga', 'https://kert944.atlassian.net/browse/PT-27');
INSERT INTO public.jira_issue (id, jira_sprint_id, issue_id, key, description, icon_url, name, browser_url) VALUES (1156, 715, 10027, 'PT-28', 'Probleem või viga.', 'https://kert944.atlassian.net/secure/viewavatar?size=medium&avatarId=10303&avatarType=issuetype', 'Viga', 'https://kert944.atlassian.net/browse/PT-28');
INSERT INTO public.jira_issue (id, jira_sprint_id, issue_id, key, description, icon_url, name, browser_url) VALUES (1157, 715, 10033, 'PT-34', 'Funktsionaalsus või väljendatud funktsioon kui kasutaja eesmärk.', 'https://kert944.atlassian.net/secure/viewavatar?size=medium&avatarId=10315&avatarType=issuetype', 'Lugu', 'https://kert944.atlassian.net/browse/PT-34');
INSERT INTO public.jira_issue (id, jira_sprint_id, issue_id, key, description, icon_url, name, browser_url) VALUES (1158, 716, 10024, 'PT-25', 'Probleem või viga.', 'https://kert944.atlassian.net/secure/viewavatar?size=medium&avatarId=10303&avatarType=issuetype', 'Viga', 'https://kert944.atlassian.net/browse/PT-25');
INSERT INTO public.jira_issue (id, jira_sprint_id, issue_id, key, description, icon_url, name, browser_url) VALUES (1159, 716, 10025, 'PT-26', 'Probleem või viga.', 'https://kert944.atlassian.net/secure/viewavatar?size=medium&avatarId=10303&avatarType=issuetype', 'Viga', 'https://kert944.atlassian.net/browse/PT-26');
INSERT INTO public.jira_issue (id, jira_sprint_id, issue_id, key, description, icon_url, name, browser_url) VALUES (1160, 716, 10026, 'PT-27', 'Probleem või viga.', 'https://kert944.atlassian.net/secure/viewavatar?size=medium&avatarId=10303&avatarType=issuetype', 'Viga', 'https://kert944.atlassian.net/browse/PT-27');
INSERT INTO public.jira_issue (id, jira_sprint_id, issue_id, key, description, icon_url, name, browser_url) VALUES (1161, 716, 10027, 'PT-28', 'Probleem või viga.', 'https://kert944.atlassian.net/secure/viewavatar?size=medium&avatarId=10303&avatarType=issuetype', 'Viga', 'https://kert944.atlassian.net/browse/PT-28');
INSERT INTO public.jira_issue (id, jira_sprint_id, issue_id, key, description, icon_url, name, browser_url) VALUES (1162, 716, 10033, 'PT-34', 'Funktsionaalsus või väljendatud funktsioon kui kasutaja eesmärk.', 'https://kert944.atlassian.net/secure/viewavatar?size=medium&avatarId=10315&avatarType=issuetype', 'Lugu', 'https://kert944.atlassian.net/browse/PT-34');


